year,Washington,Illinois,California,Arizona,Massachusetts,Wisconsin,Texas,Nebraska,Utah,Oregon,Florida,NewYork,RhodeIsland,Georgia,NewHampshire,NorthCarolina,NewJersey,Colorado,Maryland,Nevada,Tennessee,Hawaii,Indiana,Kentucky,Minnesota,Oklahoma,Pennsylvania,SouthCarolina,DistrictofColumbia,Kansas,Missouri,Vermont,Virginia,Connecticut,Iowa,Louisiana,Ohio,Michigan,SouthDakota,Arkansas,Delaware,Mississippi,NewMexico,NorthDakota,Wyoming,Alaska,Maine,Alabama,Idaho,Montana,PuertoRico,VirginIslands,Guam,WestVirginia,NorthernMarianaIslands
1,1,0,0,0,0,0,0,0,0,0,0,0,0,0,0,0,0,0,0,0,0,0,0,0,0,0,0,0,0,0,0,0,0,0,0,0,0,0,0,0,0,0,0,0,0,0,0,0,0,0,0,0,0,0,0
2,0,0,0,0,0,0,0,0,0,0,0,0,0,0,0,0,0,0,0,0,0,0,0,0,0,0,0,0,0,0,0,0,0,0,0,0,0,0,0,0,0,0,0,0,0,0,0,0,0,0,0,0,0,0,0
3,0,0,0,0,0,0,0,0,0,0,0,0,0,0,0,0,0,0,0,0,0,0,0,0,0,0,0,0,0,0,0,0,0,0,0,0,0,0,0,0,0,0,0,0,0,0,0,0,0,0,0,0,0,0,0
4,0,1,0,0,0,0,0,0,0,0,0,0,0,0,0,0,0,0,0,0,0,0,0,0,0,0,0,0,0,0,0,0,0,0,0,0,0,0,0,0,0,0,0,0,0,0,0,0,0,0,0,0,0,0,0
5,0,0,1,0,0,0,0,0,0,0,0,0,0,0,0,0,0,0,0,0,0,0,0,0,0,0,0,0,0,0,0,0,0,0,0,0,0,0,0,0,0,0,0,0,0,0,0,0,0,0,0,0,0,0,0
6,0,0,1,1,0,0,0,0,0,0,0,0,0,0,0,0,0,0,0,0,0,0,0,0,0,0,0,0,0,0,0,0,0,0,0,0,0,0,0,0,0,0,0,0,0,0,0,0,0,0,0,0,0,0,0
7,0,0,0,0,0,0,0,0,0,0,0,0,0,0,0,0,0,0,0,0,0,0,0,0,0,0,0,0,0,0,0,0,0,0,0,0,0,0,0,0,0,0,0,0,0,0,0,0,0,0,0,0,0,0,0
8,0,0,0,0,0,0,0,0,0,0,0,0,0,0,0,0,0,0,0,0,0,0,0,0,0,0,0,0,0,0,0,0,0,0,0,0,0,0,0,0,0,0,0,0,0,0,0,0,0,0,0,0,0,0,0
9,0,0,0,0,0,0,0,0,0,0,0,0,0,0,0,0,0,0,0,0,0,0,0,0,0,0,0,0,0,0,0,0,0,0,0,0,0,0,0,0,0,0,0,0,0,0,0,0,0,0,0,0,0,0,0
10,0,1,0,0,0,0,0,0,0,0,0,0,0,0,0,0,0,0,0,0,0,0,0,0,0,0,0,0,0,0,0,0,0,0,0,0,0,0,0,0,0,0,0,0,0,0,0,0,0,0,0,0,0,0,0
11,0,0,1,0,0,0,0,0,0,0,0,0,0,0,0,0,0,0,0,0,0,0,0,0,0,0,0,0,0,0,0,0,0,0,0,0,0,0,0,0,0,0,0,0,0,0,0,0,0,0,0,0,0,0,0
12,0,0,0,0,1,0,0,0,0,0,0,0,0,0,0,0,0,0,0,0,0,0,0,0,0,0,0,0,0,0,0,0,0,0,0,0,0,0,0,0,0,0,0,0,0,0,0,0,0,0,0,0,0,0,0
13,0,0,3,0,0,0,0,0,0,0,0,0,0,0,0,0,0,0,0,0,0,0,0,0,0,0,0,0,0,0,0,0,0,0,0,0,0,0,0,0,0,0,0,0,0,0,0,0,0,0,0,0,0,0,0
14,0,0,0,0,0,0,0,0,0,0,0,0,0,0,0,0,0,0,0,0,0,0,0,0,0,0,0,0,0,0,0,0,0,0,0,0,0,0,0,0,0,0,0,0,0,0,0,0,0,0,0,0,0,0,0
15,0,0,0,0,0,0,0,0,0,0,0,0,0,0,0,0,0,0,0,0,0,0,0,0,0,0,0,0,0,0,0,0,0,0,0,0,0,0,0,0,0,0,0,0,0,0,0,0,0,0,0,0,0,0,0
16,0,0,0,0,0,1,0,0,0,0,0,0,0,0,0,0,0,0,0,0,0,0,0,0,0,0,0,0,0,0,0,0,0,0,0,0,0,0,0,0,0,0,0,0,0,0,0,0,0,0,0,0,0,0,0
17,0,0,0,0,0,0,0,0,0,0,0,0,0,0,0,0,0,0,0,0,0,0,0,0,0,0,0,0,0,0,0,0,0,0,0,0,0,0,0,0,0,0,0,0,0,0,0,0,0,0,0,0,0,0,0
18,0,0,0,0,0,0,0,0,0,0,0,0,0,0,0,0,0,0,0,0,0,0,0,0,0,0,0,0,0,0,0,0,0,0,0,0,0,0,0,0,0,0,0,0,0,0,0,0,0,0,0,0,0,0,0
19,0,0,0,0,0,0,0,0,0,0,0,0,0,0,0,0,0,0,0,0,0,0,0,0,0,0,0,0,0,0,0,0,0,0,0,0,0,0,0,0,0,0,0,0,0,0,0,0,0,0,0,0,0,0,0
20,0,0,0,0,0,0,0,0,0,0,0,0,0,0,0,0,0,0,0,0,0,0,0,0,0,0,0,0,0,0,0,0,0,0,0,0,0,0,0,0,0,0,0,0,0,0,0,0,0,0,0,0,0,0,0
21,0,0,1,0,0,0,0,0,0,0,0,0,0,0,0,0,0,0,0,0,0,0,0,0,0,0,0,0,0,0,0,0,0,0,0,0,0,0,0,0,0,0,0,0,0,0,0,0,0,0,0,0,0,0,0
22,0,0,0,0,0,0,0,0,0,0,0,0,0,0,0,0,0,0,0,0,0,0,0,0,0,0,0,0,0,0,0,0,0,0,0,0,0,0,0,0,0,0,0,0,0,0,0,0,0,0,0,0,0,0,0
23,0,0,0,0,0,0,1,0,0,0,0,0,0,0,0,0,0,0,0,0,0,0,0,0,0,0,0,0,0,0,0,0,0,0,0,0,0,0,0,0,0,0,0,0,0,0,0,0,0,0,0,0,0,0,0
24,0,0,0,0,0,0,1,0,0,0,0,0,0,0,0,0,0,0,0,0,0,0,0,0,0,0,0,0,0,0,0,0,0,0,0,0,0,0,0,0,0,0,0,0,0,0,0,0,0,0,0,0,0,0,0
25,0,0,0,0,0,0,0,0,0,0,0,0,0,0,0,0,0,0,0,0,0,0,0,0,0,0,0,0,0,0,0,0,0,0,0,0,0,0,0,0,0,0,0,0,0,0,0,0,0,0,0,0,0,0,0
26,0,0,0,0,0,0,0,0,0,0,0,0,0,0,0,0,0,0,0,0,0,0,0,0,0,0,0,0,0,0,0,0,0,0,0,0,0,0,0,0,0,0,0,0,0,0,0,0,0,0,0,0,0,0,0
27,0,0,0,0,0,0,0,0,0,0,0,0,0,0,0,0,0,0,0,0,0,0,0,0,0,0,0,0,0,0,0,0,0,0,0,0,0,0,0,0,0,0,0,0,0,0,0,0,0,0,0,0,0,0,0
28,0,0,0,0,0,0,0,10,0,0,0,0,0,0,0,0,0,0,0,0,0,0,0,0,0,0,0,0,0,0,0,0,0,0,0,0,0,0,0,0,0,0,0,0,0,0,0,0,0,0,0,0,0,0,0
29,0,0,0,0,0,0,0,0,0,0,0,0,0,0,0,0,0,0,0,0,0,0,0,0,0,0,0,0,0,0,0,0,0,0,0,0,0,0,0,0,0,0,0,0,0,0,0,0,0,0,0,0,0,0,0
30,0,0,0,0,0,0,0,0,0,0,0,0,0,0,0,0,0,0,0,0,0,0,0,0,0,0,0,0,0,0,0,0,0,0,0,0,0,0,0,0,0,0,0,0,0,0,0,0,0,0,0,0,0,0,0
31,0,0,1,0,0,0,0,1,0,0,0,0,0,0,0,0,0,0,0,0,0,0,0,0,0,0,0,0,0,0,0,0,0,0,0,0,0,0,0,0,0,0,0,0,0,0,0,0,0,0,0,0,0,0,0
32,0,0,1,0,0,0,2,0,0,0,0,0,0,0,0,0,0,0,0,0,0,0,0,0,0,0,0,0,0,0,0,0,0,0,0,0,0,0,0,0,0,0,0,0,0,0,0,0,0,0,0,0,0,0,0
33,0,0,0,0,0,0,0,0,0,0,0,0,0,0,0,0,0,0,0,0,0,0,0,0,0,0,0,0,0,0,0,0,0,0,0,0,0,0,0,0,0,0,0,0,0,0,0,0,0,0,0,0,0,0,0
34,0,0,0,0,0,0,0,0,0,0,0,0,0,0,0,0,0,0,0,0,0,0,0,0,0,0,0,0,0,0,0,0,0,0,0,0,0,0,0,0,0,0,0,0,0,0,0,0,0,0,0,0,0,0,0
35,4,0,2,0,0,0,6,1,0,0,0,0,0,0,0,0,0,0,0,0,0,0,0,0,0,0,0,0,0,0,0,0,0,0,0,0,0,0,0,0,0,0,0,0,0,0,0,0,0,0,0,0,0,0,0
36,0,0,0,0,0,0,0,1,1,0,0,0,0,0,0,0,0,0,0,0,0,0,0,0,0,0,0,0,0,0,0,0,0,0,0,0,0,0,0,0,0,0,0,0,0,0,0,0,0,0,0,0,0,0,0
37,0,0,15,0,0,0,0,0,0,0,0,0,0,0,0,0,0,0,0,0,0,0,0,0,0,0,0,0,0,0,0,0,0,0,0,0,0,0,0,0,0,0,0,0,0,0,0,0,0,0,0,0,0,0,0
38,0,0,0,0,0,0,0,0,0,0,0,0,0,0,0,0,0,0,0,0,0,0,0,0,0,0,0,0,0,0,0,0,0,0,0,0,0,0,0,0,0,0,0,0,0,0,0,0,0,0,0,0,0,0,0
39,2,0,1,0,0,0,1,0,0,1,0,0,0,0,0,0,0,0,0,0,0,0,0,0,0,0,0,0,0,0,0,0,0,0,0,0,0,0,0,0,0,0,0,0,0,0,0,0,0,0,0,0,0,0,0
40,3,1,1,0,0,0,0,0,0,0,0,0,0,0,0,0,0,0,0,0,0,0,0,0,0,0,0,0,0,0,0,0,0,0,0,0,0,0,0,0,0,0,0,0,0,0,0,0,0,0,0,0,0,0,0
41,7,0,5,0,0,0,0,0,0,1,2,1,2,0,0,0,0,0,0,0,0,0,0,0,0,0,0,0,0,0,0,0,0,0,0,0,0,0,0,0,0,0,0,0,0,0,0,0,0,0,0,0,0,0,0
42,6,1,5,0,1,0,0,0,0,0,0,0,0,2,1,0,0,0,0,0,0,0,0,0,0,0,0,0,0,0,0,0,0,0,0,0,0,0,0,0,0,0,0,0,0,0,0,0,0,0,0,0,0,0,0
43,9,0,7,1,0,0,0,0,0,0,1,1,0,0,1,1,0,0,0,0,0,0,0,0,0,0,0,0,0,0,0,0,0,0,0,0,0,0,0,0,0,0,0,0,0,0,0,0,0,0,0,0,0,0,0
44,15,0,10,0,0,0,1,0,0,0,0,9,0,0,0,0,1,0,0,0,0,0,0,0,0,0,0,0,0,0,0,0,0,0,0,0,0,0,0,0,0,0,0,0,0,0,0,0,0,0,0,0,0,0,0
45,28,1,12,0,1,0,4,0,0,0,1,11,0,0,0,0,1,2,3,2,1,0,0,0,0,0,0,0,0,0,0,0,0,0,0,0,0,0,0,0,0,0,0,0,0,0,0,0,0,0,0,0,0,0,0
46,11,1,14,1,5,0,3,1,2,0,3,22,1,1,0,1,2,6,0,0,0,1,1,1,1,1,2,2,0,0,0,0,0,0,0,0,0,0,0,0,0,0,0,0,0,0,0,0,0,0,0,0,0,0,0
47,24,0,19,2,5,0,0,0,0,4,5,45,0,4,2,0,0,0,0,0,0,0,0,0,0,0,2,0,1,1,1,1,1,0,0,0,0,0,0,0,0,0,0,0,0,0,0,0,0,0,0,0,0,0,0
48,31,1,12,0,15,0,4,2,0,7,1,17,0,4,0,0,2,0,2,2,2,1,1,3,1,0,2,4,0,0,0,0,1,1,3,0,0,0,0,0,0,0,0,0,0,0,0,0,0,0,0,0,0,0,0
49,38,4,60,1,13,1,1,0,0,0,1,36,0,6,0,5,5,4,1,0,1,0,2,1,0,0,4,1,3,0,0,0,3,1,5,1,3,0,0,0,0,0,0,0,0,0,0,0,0,0,0,0,0,0,0
50,100,8,7,0,51,1,7,1,1,1,9,31,2,5,1,0,4,5,3,0,3,0,2,2,1,1,2,2,0,0,0,0,3,0,5,5,0,2,5,0,0,0,0,0,0,0,0,0,0,0,0,0,0,0,0
51,59,6,23,3,3,3,2,6,1,6,3,44,0,9,0,1,8,17,4,3,1,0,5,0,2,0,4,1,6,0,0,1,2,1,1,7,1,0,3,1,1,1,4,1,1,0,0,0,0,0,0,0,0,0,0
52,81,7,50,0,13,2,8,1,2,10,20,109,0,0,1,8,6,15,0,4,10,0,1,4,4,0,6,2,0,4,1,0,7,3,2,1,1,10,0,5,3,0,2,0,0,1,1,0,0,0,0,0,0,0,0
53,92,14,68,0,15,11,17,3,0,0,24,95,15,10,1,2,21,29,5,8,8,0,0,0,5,1,19,1,0,1,2,0,13,5,1,22,8,13,1,1,0,5,4,0,1,0,1,6,1,4,3,0,0,0,0
54,98,20,61,3,15,8,11,2,14,6,0,189,0,24,0,7,25,25,9,2,6,2,3,7,7,1,6,6,6,2,1,3,12,9,1,41,13,8,0,2,0,0,3,0,1,0,1,6,4,2,1,1,0,0,0
55,66,28,97,1,26,6,11,2,8,3,39,122,0,32,6,7,23,33,5,5,7,3,4,3,14,4,21,9,1,1,0,3,3,6,4,26,11,20,0,7,3,4,4,0,0,0,9,11,0,0,1,0,3,0,0
56,119,10,110,5,33,14,7,2,11,7,32,218,1,21,4,2,78,25,7,19,13,3,5,1,19,2,13,5,5,2,4,4,6,15,0,34,13,1,1,6,1,2,4,0,7,2,5,6,0,2,0,1,0,0,0
57,114,55,144,2,21,25,19,3,11,20,69,425,2,24,9,8,92,22,18,10,21,4,6,4,6,8,20,14,9,6,7,2,16,27,7,59,17,11,1,0,8,9,2,4,5,3,15,10,4,0,0,0,0,1,0
58,118,127,161,8,38,34,60,7,14,8,116,1012,10,51,13,24,159,33,28,27,25,2,9,9,17,11,38,13,5,5,5,5,11,28,9,84,23,15,0,11,10,13,5,2,2,3,11,12,2,4,0,1,5,1,0
59,202,134,174,19,72,49,82,4,15,13,108,1774,11,89,5,38,308,62,23,17,57,10,17,12,12,15,48,21,3,13,14,3,16,63,6,112,30,254,3,29,4,16,7,12,1,3,9,27,12,7,1,0,4,3,0
60,176,163,216,23,85,61,138,6,32,27,130,2952,0,200,11,40,161,86,42,66,82,11,25,16,26,5,82,45,32,14,38,7,21,35,1,145,49,214,0,38,9,30,8,8,4,2,5,28,8,0,8,3,2,3,0
61,251,168,261,34,112,65,161,8,26,23,200,3258,22,70,10,40,440,111,45,0,75,11,47,21,23,4,119,46,6,8,20,20,37,29,23,226,78,239,0,18,6,60,14,1,2,7,13,25,11,10,7,0,1,4,0
62,189,296,307,49,121,101,92,1,44,24,236,4817,17,68,13,85,578,116,50,25,112,8,76,19,33,14,116,22,21,9,37,3,67,104,22,74,104,246,7,47,11,67,8,2,2,1,19,26,5,5,2,11,12,4,0
63,257,238,389,81,131,36,89,11,75,30,222,5711,23,180,23,33,930,130,45,75,98,21,60,21,64,14,140,105,18,16,53,23,35,88,15,335,93,291,7,36,31,42,18,2,2,14,18,39,3,11,8,0,2,0,0
64,368,250,404,92,382,63,129,4,42,18,245,4805,18,295,7,95,831,191,59,50,156,13,107,33,29,25,207,43,21,20,72,20,37,203,19,216,120,467,2,30,17,71,17,5,9,6,11,46,23,6,8,0,3,23,0
65,116,339,539,76,679,142,275,7,47,57,504,7413,8,290,29,165,727,174,74,90,128,5,113,41,25,58,300,83,46,32,129,28,99,257,23,407,143,502,11,76,15,56,13,8,12,17,24,144,50,14,12,0,0,12,0
66,623,664,877,106,579,131,410,7,56,50,507,5941,33,256,21,77,2474,346,158,130,175,11,177,50,57,84,539,31,48,39,124,35,213,137,32,510,160,584,5,43,24,110,23,13,7,10,13,152,66,25,13,0,17,25,0
67,562,491,855,157,823,176,429,11,78,99,720,5688,38,557,29,145,1949,303,209,86,199,14,331,54,52,74,527,86,36,40,162,26,2,279,57,441,277,778,12,35,22,93,55,10,18,16,13,101,43,31,15,2,4,20,0
68,541,518,651,108,1017,112,410,20,128,65,840,8771,36,249,27,188,2299,326,276,117,183,31,247,92,44,55,598,119,37,59,167,27,134,233,62,569,262,979,10,24,49,90,19,25,11,17,43,81,30,26,21,0,4,17,2
69,586,1068,755,157,698,78,341,16,111,69,905,6266,55,236,44,194,2262,254,178,182,206,24,283,45,62,52,626,114,38,61,65,24,150,469,38,224,259,852,22,40,18,90,27,4,3,12,42,110,48,14,27,4,1,11,0
70,283,455,1100,239,797,149,343,47,87,58,752,7721,114,349,56,137,3250,313,171,124,152,29,275,41,72,52,715,150,59,41,147,21,131,578,88,485,268,1022,10,59,32,89,45,12,8,6,22,117,105,16,47,7,2,21,0
71,113,922,1162,129,868,82,523,14,81,83,1047,8707,80,1084,53,224,2060,362,247,69,328,20,380,110,53,85,841,158,94,61,301,37,229,557,74,1213,266,1121,7,56,55,89,33,17,25,13,28,52,111,21,65,0,79,17,0
72,296,986,1274,115,1118,201,814,50,125,47,1027,8153,78,631,48,64,3559,356,323,166,640,34,401,84,60,153,808,210,91,54,230,28,262,429,51,1187,349,1663,22,60,49,136,48,21,17,10,41,109,143,21,47,0,8,29,4
73,997,717,1333,187,1228,178,550,24,65,90,1231,8996,91,697,64,267,3335,382,346,179,179,25,478,73,53,160,1216,261,67,65,254,17,195,267,65,2728,355,1499,36,59,25,104,40,12,16,3,32,162,222,22,30,7,5,26,2
74,381,1209,1379,169,1436,186,821,24,171,72,1260,10329,54,523,61,235,4305,454,427,91,164,34,399,15,47,110,1399,146,104,71,279,51,305,1091,85,1147,409,1878,22,55,57,181,92,14,13,10,56,265,121,21,62,1,2,25,0
75,532,1453,1227,250,1334,196,793,42,178,101,1277,12274,95,416,81,309,4229,392,367,209,233,32,520,147,76,170,1690,217,145,77,178,72,397,361,87,2201,427,1556,25,5,143,97,49,13,22,13,24,97,64,19,74,4,69,40,0
76,486,919,1406,250,764,155,551,38,192,68,805,8122,116,359,48,183,3381,376,484,122,273,20,462,139,70,92,1480,132,96,67,76,51,228,399,82,514,304,1408,28,110,80,183,80,21,11,14,14,208,24,17,23,0,42,43,0
77,400,986,1159,197,1337,173,1033,61,44,64,1279,9304,160,816,46,285,3585,222,436,91,215,16,549,9,51,75,1485,183,99,85,355,31,241,1231,78,1853,407,1496,48,74,110,100,62,18,13,6,29,165,70,21,38,1,1,22,0
78,298,1287,1179,111,1365,138,818,53,75,49,1118,8314,147,1598,32,350,3326,257,326,130,257,23,558,232,83,144,1507,185,114,51,315,32,455,875,102,1417,333,1722,32,70,145,177,108,12,8,22,20,192,40,0,60,2,8,66,0
79,415,1529,1503,149,1588,178,929,47,123,58,951,9568,221,1048,41,203,3021,226,1158,217,236,25,442,104,85,53,1832,135,229,150,290,30,312,1000,97,746,366,1369,73,80,188,88,71,14,9,13,18,301,22,13,47,0,135,70,3
80,511,1344,1148,292,2151,129,1475,56,120,82,1129,10765,277,681,31,228,3590,547,656,138,210,7,414,132,88,160,1965,240,83,61,212,23,397,1003,125,1253,364,1155,54,69,93,257,124,18,73,9,23,340,134,22,63,1,133,41,0
81,279,1465,1175,94,2033,183,919,84,123,50,1141,10794,288,974,66,255,3561,308,783,150,337,23,560,177,93,111,1749,273,137,64,260,51,468,754,118,970,366,1271,89,56,117,209,101,9,17,11,26,170,59,11,42,0,35,13,0
82,339,1293,1055,281,1886,145,917,40,105,76,1018,10160,334,402,44,404,3563,383,726,114,190,21,534,149,92,74,1646,142,118,102,225,32,567,972,122,761,372,1209,90,26,153,173,84,15,23,11,30,254,13,12,63,5,104,56,0
83,187,1672,902,146,2615,128,568,87,97,80,877,8435,316,-158,56,210,3699,410,531,140,161,13,496,112,194,102,1181,112,97,55,136,16,197,525,77,581,354,641,103,52,146,139,71,15,21,15,17,321,19,10,109,0,35,22,0
84,133,1173,1011,163,1392,87,711,65,63,57,1156,6548,311,1022,35,268,2734,388,711,176,339,5,310,85,29,99,1340,120,80,47,228,21,473,1346,123,421,370,994,138,195,136,161,100,23,9,5,65,222,42,7,6,0,3,23,0
85,164,1222,1424,104,1296,127,816,60,52,49,609,7402,275,788,71,204,4240,250,536,101,171,9,298,162,45,115,1296,114,103,56,298,4,427,608,189,502,305,1355,120,23,165,145,62,10,0,8,36,148,39,5,20,0,2,59,2
86,95,1346,1349,156,1755,166,803,64,129,30,906,11755,278,670,48,131,2206,339,624,75,210,13,432,85,114,79,1213,103,139,63,209,7,329,766,96,433,511,1049,181,101,88,273,77,24,19,8,36,288,49,5,51,0,29,28,0
87,374,1141,1035,272,2263,154,822,100,138,73,806,8631,309,1061,72,340,4287,395,755,109,213,11,589,134,103,94,1510,275,153,92,216,9,389,1129,146,581,623,1226,143,21,61,264,113,28,1,7,26,163,22,11,69,0,40,14,0
88,299,1841,1256,273,2221,170,1203,122,126,49,1413,7532,339,1014,76,396,3150,372,790,203,346,12,616,93,159,108,1807,155,126,137,172,11,601,925,191,586,693,834,100,75,248,169,114,46,8,9,31,168,46,7,25,0,6,37,1
89,371,1585,1431,212,1970,154,796,132,129,59,739,7249,314,356,55,281,2953,386,738,102,201,21,495,185,142,105,1621,160,190,88,234,24,561,741,181,462,1115,764,130,82,215,181,87,89,11,5,20,151,13,4,50,2,9,49,0
90,14,1197,715,210,1705,147,514,125,129,66,822,6199,215,605,50,353,3881,297,513,84,200,6,571,253,143,29,1250,131,127,77,150,9,483,412,402,348,1380,631,94,4,0,300,47,57,10,5,20,180,4,7,95,0,3,65,0
91,391,1151,2318,135,1566,153,594,173,142,46,744,4867,384,828,55,271,3505,376,858,120,170,4,483,90,114,81,1013,62,134,133,140,4,453,1853,260,595,1317,580,50,190,207,238,126,42,4,2,8,175,64,0,39,1,3,18,0
92,155,1551,1982,187,1556,121,914,80,88,46,811,4324,410,742,44,187,3581,341,511,107,323,2,430,143,97,127,1379,169,171,84,134,2,640,545,466,331,806,1007,70,291,186,204,101,17,16,8,13,249,30,4,-337,0,41,21,0
93,196,2049,1729,208,1745,225,820,100,150,57,440,5659,341,910,97,269,3478,431,581,144,364,6,361,180,154,87,1379,153,108,177,196,5,636,2109,123,463,392,1037,103,130,269,178,138,35,5,6,19,283,36,2,0,0,59,10,0
94,375,1827,1961,310,3079,207,937,364,170,68,1339,6341,415,806,82,388,4124,384,963,127,488,4,621,175,221,123,1571,156,155,335,184,2,734,631,175,481,577,1280,98,207,108,259,169,30,6,2,30,222,34,3,315,0,68,42,0
95,216,2723,1834,276,4946,304,944,284,161,50,885,8286,443,670,50,444,2207,993,888,190,449,5,652,231,243,103,1964,153,167,216,304,2,596,821,520,401,475,1375,84,211,134,281,145,39,20,2,28,194,34,2,46,0,18,29,0
96,368,2119,1222,235,2379,331,844,424,168,76,306,10683,430,650,73,496,3327,712,1151,141,300,2,719,126,261,73,1328,183,171,249,201,16,770,661,650,372,418,674,107,99,134,284,138,55,4,0,25,187,17,1,31,1,0,15,0
97,179,2126,1101,246,1590,224,715,228,173,58,689,6013,310,234,71,282,3515,473,820,99,517,2,620,169,156,60,1083,237,142,107,171,8,604,687,381,261,376,701,66,92,458,193,66,64,25,2,25,208,10,3,64,2,0,29,0
98,214,1980,1517,190,1524,170,754,361,113,43,610,4077,269,770,74,205,2150,364,910,70,304,1,950,72,214,27,1019,123,51,209,174,4,565,728,378,279,362,454,33,68,128,183,97,75,18,4,8,118,20,1,17,2,116,24,0
99,207,2219,1362,232,1840,208,905,126,107,31,708,3285,218,378,72,533,2668,435,626,104,235,2,646,229,365,130,1595,122,102,194,135,7,804,315,508,218,444,1012,68,58,413,248,150,49,16,6,17,211,35,2,12,0,1,18,0
100,325,2253,2334,254,1963,231,971,263,156,61,347,4718,321,693,44,379,2408,441,742,122,281,3,626,163,463,63,868,146,112,210,120,0,623,455,467,374,534,974,61,80,80,227,238,42,8,4,16,175,32,0,65,7,0,14,0
101,324,2563,1566,446,1940,334,1233,456,173,64,498,4702,374,1131,92,560,2388,527,883,119,251,4,690,170,492,145,2033,214,217,494,137,4,885,933,302,341,724,905,75,74,79,246,198,34,15,0,39,143,32,1,72,0,1,16,0
102,320,3137,1848,314,2106,460,1270,506,157,69,1037,3879,341,1005,164,415,2538,454,1741,196,1275,1,842,171,594,130,1540,163,335,205,277,13,1055,1064,738,710,716,1000,75,29,184,397,102,40,7,9,28,226,19,0,36,0,0,26,0
103,249,2450,1435,402,1952,346,1091,494,152,56,735,4559,327,832,119,592,2527,457,1002,141,595,1,688,2,498,103,1307,231,139,353,314,7,830,523,758,429,592,843,62,62,120,229,219,46,13,1,29,317,26,2,182,0,2,33,0
104,560,2994,1319,276,1824,304,866,354,194,45,615,3699,188,350,89,154,3027,409,993,83,495,0,638,342,435,121,1008,137,219,314,300,11,940,0,528,200,579,612,43,59,170,109,118,38,7,3,33,277,-2,0,51,0,1,11,0
105,104,2341,1261,279,1000,272,835,437,151,79,819,2524,175,732,70,203,1525,272,948,154,412,1,588,147,571,72,913,131,154,208,322,5,821,686,534,363,560,193,37,38,80,327,180,34,10,2,20,224,47,2,69,0,0,29,0
106,187,2049,2515,386,1184,330,1152,319,123,80,542,2302,281,526,48,412,2324,457,708,38,272,3,568,452,617,83,975,84,152,242,143,5,764,648,408,323,495,395,53,56,83,330,107,41,8,1,21,325,21,0,49,0,0,18,0
107,639,2275,1939,402,1754,335,1155,329,156,77,563,2746,272,848,105,500,1297,464,1046,79,182,1,863,124,728,74,1022,95,139,266,245,1,0,374,293,403,607,688,59,86,407,217,153,57,27,1,28,254,31,0,44,0,0,34,1
108,314,2638,1694,238,1696,314,1241,419,119,73,826,3526,325,800,102,648,1745,544,1213,114,371,3,656,227,785,129,1160,206,193,347,245,8,1314,789,655,253,555,564,126,83,161,262,202,48,4,3,76,355,20,0,63,0,0,21,0
109,290,2886,2135,581,1612,375,1261,640,195,79,371,2873,249,565,104,448,1819,455,1116,84,168,0,678,125,723,94,1352,225,245,511,164,3,772,627,398,203,887,676,239,53,144,404,181,54,9,3,44,339,27,2,125,2,2,26,0
110,152,2320,2208,434,1410,349,906,403,184,92,802,2715,210,392,64,508,1631,548,1046,104,399,1,619,171,702,66,1160,164,203,172,164,2,854,573,214,562,679,416,249,0,194,288,105,39,9,1,34,283,25,0,17,1,0,24,1
111,152,1654,1227,159,1050,280,1188,95,148,68,595,2138,285,786,60,396,1447,328,1055,74,385,1,394,17,481,99,1376,122,170,122,169,5,885,570,288,183,389,381,124,265,170,123,85,27,9,1,28,221,2,0,25,0,0,15,0
112,391,1461,1463,261,669,199,951,247,113,58,386,1610,176,181,89,286,1413,198,790,32,363,2,501,224,528,24,520,139,117,116,119,0,989,211,414,208,699,410,97,31,118,173,206,27,7,2,26,275,29,1,58,0,0,7,3
113,210,4045,1636,356,870,199,1360,157,90,73,941,1438,164,863,79,333,798,310,691,159,354,1,542,293,695,118,850,135,96,191,99,1,730,568,539,235,472,420,49,121,176,234,143,53,6,3,15,300,33,2,43,0,1,9,0
114,110,1706,2068,440,1165,286,1474,340,170,57,479,2123,221,555,60,448,817,339,753,171,484,3,368,99,423,121,787,103,99,200,245,2,946,522,377,612,470,361,69,72,211,182,152,76,13,0,38,236,31,1,30,0,0,26,0
115,369,3207,1729,498,1685,377,1347,339,136,63,808,2364,181,556,83,743,1144,371,1094,122,327,0,583,295,527,110,964,159,152,116,121,3,1067,609,386,827,636,1182,60,130,271,393,139,65,13,4,50,401,27,0,98,0,0,30,0
116,270,2447,2068,495,1239,574,1818,355,170,62,928,2759,203,820,82,597,1201,394,1084,129,329,1,654,181,797,124,1020,218,135,338,77,1,859,621,374,348,593,493,95,97,150,318,159,49,15,1,38,272,37,4,115,0,2,13,0
117,205,2141,1918,462,1512,514,879,454,138,71,673,2185,215,413,92,819,1184,397,978,77,287,1,638,195,729,151,1050,254,171,53,227,1,1011,618,279,280,520,434,72,115,174,322,185,87,25,4,45,301,30,2,47,0,0,22,2
118,178,1691,1433,306,1077,203,962,128,170,11,777,1901,240,299,40,528,1245,305,837,125,187,1,500,20,708,73,517,155,81,7,275,6,705,716,323,315,449,638,28,181,123,173,91,52,13,4,39,97,2,0,57,0,0,22,0
119,242,2418,1577,233,1042,151,960,277,146,64,854,1241,121,680,56,584,1705,265,962,124,376,0,478,248,695,88,931,126,147,373,156,0,752,697,304,334,530,799,40,54,199,136,158,31,12,3,26,315,34,2,64,0,0,10,0
120,232,1520,2038,396,873,279,1292,221,146,39,502,1479,156,580,69,641,974,280,1782,110,534,1,505,164,666,91,728,114,164,49,144,4,1005,314,341,329,498,484,58,110,168,272,96,63,10,0,28,290,21,1,95,0,0,12,0
121,122,2415,2144,331,1045,573,1289,273,187,75,527,1478,405,948,147,459,1386,315,778,132,233,2,584,131,641,43,747,119,117,173,141,0,763,587,572,278,484,651,92,80,157,263,146,101,11,3,78,676,30,7,61,0,11,53,0
122,170,2282,2363,418,1114,393,1072,304,159,16,1204,2078,215,807,67,713,1073,392,1203,103,436,4,687,139,530,148,1101,204,237,110,147,6,1229,191,302,1188,731,480,0,455,192,255,134,134,14,0,58,362,28,1,47,0,0,36,1
123,246,2715,2313,293,805,590,928,238,181,47,776,1678,165,765,79,727,1247,295,894,127,394,-5,492,213,805,169,1053,259,105,297,140,2,813,432,340,421,627,397,179,154,143,402,153,88,2,2,71,256,61,0,117,0,0,102,0
124,214,2390,2014,432,773,428,1082,327,203,24,676,1754,216,674,75,1070,385,476,1069,238,401,1,509,124,840,111,797,257,73,51,125,2,799,382,388,117,613,439,112,163,161,381,170,48,10,5,65,479,31,0,70,0,0,24,0
125,249,2441,1928,299,1013,377,599,145,132,39,740,1601,113,581,60,500,1050,208,1311,117,351,0,477,30,728,77,554,201,144,16,192,2,495,446,536,128,503,312,95,147,119,247,148,53,0,0,42,329,24,0,89,0,1,42,0
126,276,1707,2274,222,596,284,440,221,129,22,879,1279,0,425,48,766,938,116,835,73,417,0,338,57,742,53,700,82,115,137,182,6,1483,405,194,623,566,200,23,107,156,206,83,39,30,3,19,508,14,0,71,0,0,11,0
127,273,1238,2907,222,422,277,1083,264,101,18,509,1044,145,652,34,191,672,297,536,100,427,0,367,276,645,47,517,238,109,80,141,5,1615,430,371,336,529,224,67,151,101,273,104,-35,7,4,35,664,35,0,64,0,4,72,0
128,287,1126,1949,479,527,642,1532,357,88,71,379,1132,143,647,55,599,864,222,752,91,400,1,386,138,505,92,773,207,72,101,187,4,907,-15,447,442,433,504,57,97,30,313,122,20,10,1,28,382,32,2,73,0,1,45,0
129,266,1516,2198,501,675,646,1715,285,243,48,651,1758,141,650,103,829,1187,341,1292,97,403,3,643,197,483,41,666,165,86,60,191,3,1152,271,226,213,476,400,83,261,75,328,112,42,16,13,52,498,39,4,89,0,1,36,0
130,286,1666,2972,702,617,573,1253,394,329,45,1212,1549,141,525,103,1119,1029,486,1297,128,436,2,514,178,584,68,761,343,46,313,134,1,1132,203,347,0,651,645,73,239,65,418,129,39,15,6,37,501,34,8,161,0,0,37,0
131,241,1496,3057,790,789,465,1323,251,269,54,927,1363,184,448,53,1026,764,482,1031,144,477,2,665,199,659,80,716,263,179,21,169,2,1078,260,317,775,468,259,94,236,186,439,131,34,7,5,56,328,36,12,71,0,0,17,0
132,196,1298,3014,681,664,169,1578,196,278,58,739,1104,109,715,106,925,837,280,794,109,156,1,365,50,660,88,429,467,84,31,179,4,996,179,285,339,479,507,33,240,76,272,65,23,5,28,43,593,15,10,58,0,3,21,0
133,458,1078,2529,187,3840,138,1107,244,197,59,667,945,63,706,34,682,473,199,579,73,410,0,255,213,358,67,516,287,56,225,226,2,791,539,168,431,471,1080,41,190,107,251,111,48,7,7,24,582,53,4,97,1,0,18,0
134,336,1578,2438,1127,358,393,1885,266,211,33,617,1361,121,306,64,684,627,211,796,157,1256,1,445,137,300,119,581,267,29,40,299,5,841,239,228,405,366,245,32,375,80,268,224,21,2,21,28,237,27,4,62,0,2,28,1
135,168,1035,2326,995,429,665,1580,255,321,64,1317,1043,107,648,46,961,523,272,786,92,526,0,480,198,363,113,556,236,130,138,198,2,666,112,359,387,442,310,95,249,27,302,116,33,3,19,41,80,55,2,88,0,0,21,1
136,223,870,2510,573,471,461,1784,251,300,75,1419,1053,106,817,81,1263,462,300,873,168,350,1,396,296,403,102,557,354,104,51,266,36,951,148,567,429,490,225,86,358,34,238,213,27,6,26,28,221,64,12,485,1,2,25,2
137,547,1168,3593,1551,494,352,1993,262,486,106,1305,1042,116,752,77,1141,806,255,917,188,425,9,494,270,707,97,480,448,79,161,229,1,676,221,389,427,476,4529,30,226,27,209,319,39,12,23,36,315,57,2,112,0,0,17,0
138,221,934,2637,1148,575,274,1754,164,522,92,1270,1083,0,663,66,1392,557,233,692,188,560,8,429,308,521,56,599,463,70,24,144,19,865,358,195,497,353,452,90,450,72,265,128,71,6,14,42,656,28,1,295,0,0,17,0
139,297,819,2850,1407,304,249,871,91,218,137,1180,777,0,428,24,854,271,153,494,179,452,2,400,34,385,91,494,370,63,32,326,17,1284,150,267,330,365,419,71,325,97,236,140,45,8,9,46,457,14,5,70,0,0,8,1
140,529,1473,2290,837,190,211,1378,118,294,116,966,712,201,624,36,918,333,182,431,142,406,1,225,308,338,55,431,514,57,175,174,12,570,124,317,236,361,296,33,314,30,498,122,19,13,19,18,425,44,3,61,0,1,17,1
141,203,778,2958,635,263,274,1945,136,261,97,1096,690,49,774,53,812,299,164,519,231,648,6,432,190,299,158,532,428,85,62,237,9,487,87,160,562,325,279,52,340,48,341,43,21,10,13,18,497,29,6,139,0,0,18,2
142,144,568,2894,1585,267,2656,2500,137,343,75,1371,664,65,696,46,912,550,151,571,170,514,3,312,138,366,116,446,531,63,145,266,11,439,168,462,418,413,187,81,288,36,374,145,40,10,22,31,567,36,7,144,1,0,14,0
143,232,842,3570,1544,511,320,2001,290,384,151,1698,724,106,867,31,1430,470,148,709,248,387,7,417,99,447,146,534,682,52,53,262,15,470,114,370,442,429,250,61,448,50,0,118,39,29,24,30,856,41,2,23,0,3,24,0
144,404,758,3576,1642,392,322,2259,198,315,139,1902,821,85,869,42,1732,348,175,439,240,452,14,400,224,479,222,634,729,65,168,187,9,564,228,352,523,420,254,77,731,67,608,158,36,18,22,54,865,51,10,184,0,1,32,0
145,344,628,3149,1606,336,293,2089,121,380,156,2581,912,0,977,48,1444,441,195,673,288,398,17,421,253,377,225,410,785,55,43,216,6,658,305,337,1288,424,143,91,548,56,257,95,42,23,34,36,891,45,15,154,0,1,25,0
146,215,602,2519,1180,208,281,1422,101,252,101,2016,694,0,696,19,1288,276,113,393,207,558,5,366,47,299,158,313,841,58,52,57,2,637,94,167,336,300,222,65,406,35,168,102,22,10,12,36,1014,14,13,121,0,0,16,0
147,442,528,2709,1052,87,223,2184,125,444,184,1758,623,146,631,27,1058,222,169,325,117,771,8,521,211,222,186,386,585,32,269,328,3,380,147,151,552,428,56,30,416,76,283,122,21,19,4,17,657,59,8,79,0,1,32,0
148,372,619,3469,2293,195,299,4247,171,320,277,2783,630,71,797,19,848,323,143,351,357,678,4,358,36,189,228,390,614,19,53,218,0,445,114,153,534,434,164,38,274,63,353,88,23,10,13,9,640,71,5,61,0,0,19,0
149,321,550,4250,1861,266,338,3493,195,387,120,2610,561,49,915,72,1037,277,231,561,179,489,4,256,291,415,258,310,561,29,232,221,0,444,80,353,928,412,228,84,415,41,489,132,43,25,25,17,400,91,16,52,1,2,35,0
150,393,665,3754,2572,271,444,3211,189,551,148,3207,626,56,823,14,1284,404,228,274,312,492,18,444,201,379,451,393,992,56,85,337,5,463,11,343,760,700,286,59,322,55,381,88,29,30,19,42,894,110,25,108,0,5,42,0
151,382,836,3708,3183,228,302,4645,176,570,206,3822,794,68,1077,36,1588,389,286,311,361,999,27,321,238,356,352,508,1083,49,282,292,9,555,117,465,-879,609,320,49,703,112,0,107,33,29,26,35,796,127,11,84,0,7,50,0
152,421,618,4011,3284,286,401,4272,116,588,90,4049,707,0,1552,32,1626,338,162,415,452,620,14,334,171,436,331,390,1155,32,50,375,3,650,158,128,870,531,421,67,511,70,0,170,25,6,24,25,547,135,32,268,1,22,32,0
153,331,619,3953,2468,125,284,3292,103,394,276,3494,665,0,824,26,1214,308,190,338,259,496,11,361,119,453,478,346,907,36,40,397,12,551,40,468,393,546,152,72,419,94,0,135,37,18,14,19,472,19,19,62,2,0,43,0
154,646,461,5813,2101,149,251,4760,147,468,145,2926,555,122,1212,14,986,273,165,299,339,536,2,213,154,307,218,642,1008,38,318,181,4,471,27,197,462,729,271,29,522,45,1265,129,25,33,10,14,433,242,17,39,0,0,28,0
155,335,667,6419,3630,229,338,5080,134,419,191,3286,598,74,1872,13,984,319,188,400,483,763,3,258,250,242,295,617,912,36,83,415,1,529,117,253,1356,590,229,27,595,27,611,144,7,24,36,23,643,145,9,121,0,3,22,0
156,622,743,4850,1810,172,465,6584,129,461,170,5511,575,73,1713,27,1437,158,262,332,402,804,14,293,199,297,481,492,1284,34,451,330,20,520,14,427,882,632,338,66,697,42,526,152,44,28,21,23,967,238,23,135,2,6,36,0
157,598,910,5524,3090,226,552,5473,126,629,124,5004,738,34,1506,40,1277,2158,324,463,451,873,15,519,271,360,438,455,1125,31,97,598,7,432,81,487,938,892,448,60,687,91,1092,202,32,44,45,53,1142,219,37,57,3,14,64,0
158,491,877,5614,3379,233,514,5799,178,674,368,8942,804,21,1746,33,1715,388,317,307,448,1107,14,490,240,493,396,720,1313,26,522,491,7,624,65,444,1354,987,314,56,678,37,550,216,28,42,30,32,977,280,26,45,0,3,36,0
159,542,724,4426,3476,373,517,6057,251,517,158,9585,697,0,1524,46,1457,289,226,328,1041,1011,6,438,304,417,299,450,1604,31,38,342,2,677,147,375,0,817,329,91,570,74,465,211,37,24,26,52,900,170,23,144,0,0,52,0
160,310,581,5502,3809,224,481,3798,125,420,247,8530,624,0,1734,30,1468,309,284,328,787,132,27,364,143,516,302,385,1381,32,249,345,2,489,97,317,1467,854,240,55,508,135,368,190,37,25,33,37,358,224,11,123,0,0,50,0
161,695,768,7040,641,101,387,6319,164,663,146,5266,391,103,2016,13,1506,90,205,477,784,1443,1,299,177,312,228,768,1324,44,552,494,6,453,59,354,840,737,314,35,439,150,669,173,44,33,25,28,1734,227,56,61,0,7,38,0
162,505,776,8158,4797,114,620,7947,130,546,169,6093,458,49,2464,22,1378,395,203,315,611,1427,17,370,259,442,585,673,1755,35,61,527,0,598,152,278,1014,743,494,48,520,98,680,165,37,37,47,34,870,354,48,215,0,4,35,0
163,717,880,7611,4753,261,584,8123,131,500,274,6563,628,40,2309,20,1753,261,314,350,569,1545,8,376,198,415,355,638,1520,38,513,320,2,416,58,466,2083,1076,429,62,420,36,652,129,39,27,42,41,917,255,49,72,9,12,75,0
164,663,866,8434,3343,195,569,7434,151,602,363,10109,872,88,2886,20,1693,430,323,513,720,1816,20,437,256,494,427,839,1782,25,84,490,17,532,74,641,1383,1301,574,67,878,221,870,244,42,36,50,34,1149,309,67,71,8,9,74,0
165,496,886,8100,4399,290,689,7158,184,604,343,9488,919,50,2604,35,1939,386,272,407,1007,1706,28,546,285,414,526,715,1831,45,789,535,9,658,71,372,1728,1091,453,85,547,192,914,256,65,32,60,45,1754,346,45,75,13,6,73,1
166,382,858,8878,2722,210,678,6289,166,647,294,11458,725,0,2513,14,1287,291,293,302,793,1350,24,529,54,0,580,504,1854,12,150,441,2,716,0,536,0,926,396,50,587,73,990,287,57,24,55,24,997,397,39,104,0,2,79,0
167,669,579,6411,3510,136,507,4430,111,288,300,10059,536,0,1897,26,1360,369,200,233,847,1133,24,575,3,512,283,481,1461,35,124,273,11,639,0,445,1937,968,325,35,605,132,226,193,37,28,32,18,1091,368,45,129,1,0,130,0
168,1049,698,6282,3416,163,568,9213,115,648,165,6336,516,0,1526,17,1836,209,216,540,412,1144,7,357,752,433,434,784,1533,33,793,516,2,354,259,152,1101,805,376,42,439,165,357,251,33,41,30,8,925,423,37,669,0,13,107,0
169,546,682,9897,3617,201,516,9814,153,550,210,7347,590,163,2692,18,1328,267,401,489,918,1134,41,299,356,564,858,799,972,54,75,716,3,638,57,389,1936,948,608,58,259,121,957,220,45,36,22,17,907,360,78,129,10,2,63,0
170,598,945,8538,3551,264,692,9952,232,718,212,9989,691,50,2831,20,1477,252,468,469,530,2113,23,450,384,457,673,831,1557,73,650,777,2,635,75,563,1888,1277,649,79,734,48,674,290,72,29,49,20,1177,422,44,31,22,4,202,0
171,708,1133,7212,4073,295,832,10909,221,711,371,8935,588,39,2155,21,1913,231,419,582,677,1775,36,520,372,574,603,817,1782,37,224,958,16,613,101,600,1843,1150,587,94,806,69,703,234,99,34,49,26,2212,594,95,117,0,2,119,0
172,721,1218,7989,4164,213,1056,9923,176,820,259,11433,790,69,4904,18,2173,358,606,466,906,1693,27,738,500,604,596,940,1728,64,768,759,5,943,78,916,2642,1525,624,65,751,121,1031,298,84,16,58,13,1334,475,127,275,23,1,157,0
173,236,1124,8525,3044,288,681,8332,201,619,397,10360,727,0,2977,33,2266,331,423,557,951,1757,42,791,454,804,687,678,2280,58,184,589,6,851,0,463,2167,1358,628,53,1061,91,797,224,89,49,77,21,1439,511,84,229,14,2,163,2
174,855,825,7646,2488,199,806,6531,179,481,319,15300,679,0,1815,30,1837,339,300,645,833,1125,20,534,232,710,456,542,1949,46,312,524,13,888,0,715,1319,1378,437,45,503,61,868,255,91,23,116,19,1640,387,81,288,0,0,98,0
175,1357,933,8530,1438,230,702,8921,230,730,268,12624,559,175,3548,14,1826,224,370,419,852,2509,21,435,365,491,510,584,1520,59,970,608,5,972,223,221,1705,1261,418,25,572,75,393,263,108,41,71,19,1958,560,150,356,25,0,69,0
176,719,767,10387,4209,303,913,10906,273,492,372,9194,913,101,2642,23,2113,393,458,712,1072,1797,21,674,575,398,993,982,2221,40,82,1036,4,801,20,311,2215,1142,691,48,794,90,862,223,51,48,54,8,1710,431,130,113,0,0,94,3
177,747,1396,8904,3285,217,893,11840,262,454,277,10181,834,52,3568,22,1812,390,479,740,918,2103,28,697,446,574,1075,1001,1856,80,810,920,13,1084,106,594,2091,1316,1036,80,564,81,1025,327,72,34,61,12,1812,637,111,256,43,1,150,0
178,1264,1154,9264,3319,234,952,15038,199,680,429,13965,767,71,2701,26,2094,223,577,661,1437,2312,19,715,469,605,628,808,1838,50,116,859,7,904,114,878,2280,1290,896,42,817,64,1230,297,103,41,76,20,2021,662,116,195,14,1,100,1
179,958,1298,10161,3845,298,882,9726,183,664,292,11466,778,82,3419,26,1976,50,592,704,1348,2245,22,747,545,666,699,1003,1977,39,923,940,9,1002,143,489,2179,1679,775,95,648,223,1032,318,124,43,49,38,2003,618,118,546,20,0,126,0
180,663,1152,8272,2758,359,875,8817,184,858,423,10328,752,0,4074,23,2437,263,402,832,1234,2446,20,885,588,457,916,608,1552,79,42,827,4,940,0,411,0,1542,632,73,771,92,1017,280,115,39,74,10,2143,554,88,333,14,1,139,0
181,712,908,8266,2311,296,835,7977,92,687,355,12478,509,0,2453,15,1774,-31,371,925,1220,1662,27,920,850,734,209,604,2374,67,221,791,12,1057,0,499,3116,1110,551,44,695,90,792,235,112,18,118,41,1777,527,62,610,0,0,120,0
